-- phpMyAdmin SQL Dump
-- version 4.5.4.1deb2ubuntu2
-- http://www.phpmyadmin.net
--
-- Host: localhost
-- Generation Time: Dec 28, 2017 at 04:13 AM
-- Server version: 5.7.20-0ubuntu0.16.04.1
-- PHP Version: 7.0.22-0ubuntu0.16.04.1

SET SQL_MODE = "NO_AUTO_VALUE_ON_ZERO";
SET time_zone = "+00:00";


/*!40101 SET @OLD_CHARACTER_SET_CLIENT=@@CHARACTER_SET_CLIENT */;
/*!40101 SET @OLD_CHARACTER_SET_RESULTS=@@CHARACTER_SET_RESULTS */;
/*!40101 SET @OLD_COLLATION_CONNECTION=@@COLLATION_CONNECTION */;
/*!40101 SET NAMES utf8mb4 */;

--
-- Database: `forumplus-max`
--
CREATE DATABASE IF NOT EXISTS `forumplus-max` DEFAULT CHARACTER SET latin1 COLLATE latin1_swedish_ci;
USE `forumplus-max`;

-- --------------------------------------------------------

--
-- Table structure for table `messages`
--

DROP TABLE IF EXISTS `messages`;
CREATE TABLE `messages` (
  `id` int(10) UNSIGNED NOT NULL,
  `thread` int(10) UNSIGNED NOT NULL,
  `author` int(10) UNSIGNED NOT NULL,
  `created` timestamp NOT NULL DEFAULT CURRENT_TIMESTAMP,
  `body` text NOT NULL
) ENGINE=InnoDB DEFAULT CHARSET=latin1;

--
-- Dumping data for table `messages`
--

INSERT INTO `messages` (`id`, `thread`, `author`, `created`, `body`) VALUES
(48, 34, 29, '2017-12-27 22:56:28', '`:thumbsup:`'),
(51, 38, 31, '2017-12-27 23:01:15', '<h2>REQUEST FOR URGENT BUSINESS RELATIONSHIP</h2>\n\n<p>FIRST, I MUST SOLICIT YOUR STRICTEST CONFIDENCE IN THIS TRANSACTION. THIS IS BY VIRTUE OF ITS NATURE AS BEING UTTERLY CONFIDENTIAL AND ‘TOP SECRET’. I AM SURE AND HAVE CONFIDENCE OF YOUR ABILITY AND RELIABILITY TO PROSECUTE A TRANSACTION OF THIS GREAT MAGNITUDE INVOLVING A PENDING TRANSACTION REQUIRING MAXIIMUM CONFIDENCE.</p>\n\n<p>WE ARE TOP OFFICIAL OF THE FEDERAL GOVERNMENT CONTRACT REVIEW PANEL WHO ARE INTERESTED IN IMPORATION OF GOODS INTO OUR COUNTRY WITH FUNDS WHICH ARE PRESENTLY TRAPPED IN NIGERIA. IN ORDER TO COMMENCE THIS BUSINESS WE SOLICIT YOUR ASSISTANCE TO ENABLE US TRANSFER INTO YOUR ACCOUNT THE SAID TRAPPED FUNDS.</p>\n\n<p>THE SOURCE OF THIS FUND IS AS FOLLOWS; DURING THE LAST MILITARY REGIME HERE IN NIGERIA, THE GOVERNMENT OFFICIALS SET UP COMPANIES AND AWARDED THEMSELVES CONTRACTS WHICH WERE GROSSLY OVER-INVOICED IN VARIOUS MINISTRIES. THE PRESENT CIVILIAN GOVERNMENT SET UP A CONTRACT REVIEW PANEL AND WE HAVE IDENTIFIED A LOT OF INFLATED CONTRACT FUNDS WHICH ARE PRESENTLY FLOATING IN THE CENTRAL BANK OF NIGERIA READY FOR PAYMENT.</p>\n\n<p>HOWEVER, BY VIRTUE OF OUR POSITION AS CIVIL SERVANTS AND MEMBERS OF THIS PANEL, WE CANNOT ACQUIRE THIS MONEY IN OUR NAMES. I HAVE THEREFORE, BEEN DELEGATED AS A MATTER OF TRUST BY MY COLLEAGUES OF THE PANEL TO LOOK FOR AN OVERSEAS PARTNER INTO WHOSE ACCOUNT WE WOULD TRANSFER THE SUM OF US$21,320,000.00(TWENTY ONE MILLION, THREE HUNDRED AND TWENTY THOUSAND U.S DOLLARS). HENCE WE ARE WRITING YOU THIS LETTER. WE HAVE AGREED TO SHARE THE MONEY THUS; 1. 20% FOR THE ACCOUNT OWNER 2. 70% FOR US (THE OFFICIALS) 3. 10% TO BE USED IN SETTLING TAXATION AND ALL LOCAL AND FOREIGN EXPENSES. IT IS FROM THE 70% THAT WE WISH TO COMMENCE THE IMPORTATION BUSINESS.</p>\n\n<p>PLEASE,NOTE THAT THIS TRANSACTION IS 100% SAFE AND WE HOPE TO COMMENCE THE TRANSFER LATEST SEVEN (7) BANKING DAYS FROM THE DATE OF THE RECEIPT OF THE FOLLOWING INFORMATIOM BY TEL/FAX; 234-1-7740449, YOUR COMPANY’S SIGNED, AND STAMPED LETTERHEAD PAPER THE ABOVE INFORMATION WILL ENABLE US WRITE LETTERS OF CLAIM AND JOB DESCRIPTION RESPECTIVELY. THIS WAY WE WILL USE YOUR COMPANY’S NAME TO APPLY FOR PAYMENT AND RE-AWARD THE CONTRACT IN YOUR COMPANY’S NAME.</p>\n\n<p>WE ARE LOOKING FORWARD TO DOING THIS BUSINESS WITH YOU AND SOLICIT YOUR CONFIDENTIALITY IN THIS TRANSATION. PLEASE ACKNOWLEDGE THE RECEIPT OF THIS LETTER USING THE ABOVE TEL/FAX NUMBERS. I WILL SEND YOU DETAILED INFORMATION OF THIS PENDING PROJECT WHEN I HAVE HEARD FROM YOU.</p>\n\n<p>YOURS FAITHFULLY,</p>\n\n<p>DR CLEMENT OKON</p>\n\n<p>NOTE; PLEASE QUOTE THIS REFERENCE NUMBER (VE/S/09/99) IN ALL YOUR RESPONSES.</p>'),
(52, 38, 32, '2017-12-27 23:03:22', '<p>Do <strong>not</strong> reply to this message!!!</p>\n\n<p>It is a <em>scam</em>!</p>');

-- --------------------------------------------------------

--
-- Table structure for table `sessions`
--

DROP TABLE IF EXISTS `sessions`;
CREATE TABLE `sessions` (
  `id` int(11) NOT NULL,
  `token` varchar(64) NOT NULL,
  `user` int(10) UNSIGNED NOT NULL,
  `created` timestamp NOT NULL DEFAULT CURRENT_TIMESTAMP
) ENGINE=InnoDB DEFAULT CHARSET=latin1;

--
-- Dumping data for table `sessions`
--

INSERT INTO `sessions` (`id`, `token`, `user`, `created`) VALUES
(13, 'INBJ6B1K6P16EZ4C7JKW8V1UXAOLQCNWTLR5G6GORI986TH3', 29, '2017-12-27 22:55:50'),
(14, 'PN50KY35TWN79BY5U6DU0SZAEQBQGM5YGN6UVF9KIOSOF8R4', 30, '2017-12-27 22:56:36'),
(15, '0AW065NKCK5IE5XDAJDYCVW8RHA8DWXQEBP938066MJREUYZ', 31, '2017-12-27 22:57:18'),
(16, '4ZLQMDCW3PN8B4Q67OA299EOHAITWDMI9HKZ33MZXDPUKZR7', 32, '2017-12-27 23:03:06'),
(17, '8W1RNVT2UHMX3BSS4U44UDBRZHJFOD1GKTR3ZQCZWI3LRA4E', 31, '2017-12-27 23:03:46');

-- --------------------------------------------------------

--
-- Table structure for table `threads`
--

DROP TABLE IF EXISTS `threads`;
CREATE TABLE `threads` (
  `id` int(10) UNSIGNED NOT NULL,
  `title` varchar(128) NOT NULL,
  `slug` varchar(128) NOT NULL,
  `creator` int(10) UNSIGNED NOT NULL,
  `created` timestamp NOT NULL DEFAULT CURRENT_TIMESTAMP
) ENGINE=InnoDB DEFAULT CHARSET=latin1;

--
-- Dumping data for table `threads`
--

INSERT INTO `threads` (`id`, `title`, `slug`, `creator`, `created`) VALUES
(34, 'Where\'s the best place to catch some waves?', 'Wheres-the-best-place-to-catch-some-waves', 29, '2017-12-27 22:56:28'),
(38, 'URGENT MESSAGE FOR YOU', 'URGENT-MESSAGE-FOR-YOU', 31, '2017-12-27 23:01:15');

-- --------------------------------------------------------

--
-- Table structure for table `users`
--

DROP TABLE IF EXISTS `users`;
CREATE TABLE `users` (
  `id` int(11) UNSIGNED NOT NULL,
  `name` varchar(32) NOT NULL,
  `created` timestamp NOT NULL DEFAULT CURRENT_TIMESTAMP
) ENGINE=InnoDB DEFAULT CHARSET=latin1;

--
-- Dumping data for table `users`
--

INSERT INTO `users` (`id`, `name`, `created`) VALUES
(29, 'SurferDude22', '2017-12-27 22:55:50'),
(30, 'Luv2Travel', '2017-12-27 22:56:36'),
(31, 'NigerianPrince', '2017-12-27 22:57:18'),
(32, 'FoolMeOnce', '2017-12-27 23:03:06');

--
-- Indexes for dumped tables
--

--
-- Indexes for table `messages`
--
ALTER TABLE `messages`
  ADD PRIMARY KEY (`id`),
  ADD KEY `thread` (`thread`),
  ADD KEY `author` (`author`);

--
-- Indexes for table `sessions`
--
ALTER TABLE `sessions`
  ADD PRIMARY KEY (`id`),
  ADD UNIQUE KEY `uq_sessions_token` (`token`),
  ADD KEY `user` (`user`);

--
-- Indexes for table `threads`
--
ALTER TABLE `threads`
  ADD PRIMARY KEY (`id`),
  ADD UNIQUE KEY `uq_thread_slug` (`slug`),
  ADD KEY `creator` (`creator`);

--
-- Indexes for table `users`
--
ALTER TABLE `users`
  ADD PRIMARY KEY (`id`),
  ADD UNIQUE KEY `uq_user_name` (`name`);

--
-- AUTO_INCREMENT for dumped tables
--

--
-- AUTO_INCREMENT for table `messages`
--
ALTER TABLE `messages`
  MODIFY `id` int(10) UNSIGNED NOT NULL AUTO_INCREMENT, AUTO_INCREMENT=53;
--
-- AUTO_INCREMENT for table `sessions`
--
ALTER TABLE `sessions`
  MODIFY `id` int(11) NOT NULL AUTO_INCREMENT, AUTO_INCREMENT=18;
--
-- AUTO_INCREMENT for table `threads`
--
ALTER TABLE `threads`
  MODIFY `id` int(10) UNSIGNED NOT NULL AUTO_INCREMENT, AUTO_INCREMENT=39;
--
-- AUTO_INCREMENT for table `users`
--
ALTER TABLE `users`
  MODIFY `id` int(11) UNSIGNED NOT NULL AUTO_INCREMENT, AUTO_INCREMENT=33;
--
-- Constraints for dumped tables
--

--
-- Constraints for table `messages`
--
ALTER TABLE `messages`
  ADD CONSTRAINT `fk_messages_author` FOREIGN KEY (`author`) REFERENCES `users` (`id`),
  ADD CONSTRAINT `fk_messages_thread` FOREIGN KEY (`thread`) REFERENCES `threads` (`id`);

--
-- Constraints for table `sessions`
--
ALTER TABLE `sessions`
  ADD CONSTRAINT `fk_sessions_user` FOREIGN KEY (`user`) REFERENCES `users` (`id`);

--
-- Constraints for table `threads`
--
ALTER TABLE `threads`
  ADD CONSTRAINT `fk_threads_creator` FOREIGN KEY (`creator`) REFERENCES `users` (`id`);

/*!40101 SET CHARACTER_SET_CLIENT=@OLD_CHARACTER_SET_CLIENT */;
/*!40101 SET CHARACTER_SET_RESULTS=@OLD_CHARACTER_SET_RESULTS */;
/*!40101 SET COLLATION_CONNECTION=@OLD_COLLATION_CONNECTION */;
